LR table,,,,,,,,,,,,,,,,,,,,,,,,,,,,,,,,,,,,,,,,,,,,,
State,ACTION,,,,,,,,,,,,,,,,,,,,,,,,,,,,,,,,GOTO,,,,,,,,,,,,
,.,const,ident,=,number,comma,;,var,procedure,:=,call,?,!,begin,end,if,then,while,do,odd,#,<,<=,>,>=,+,-,*,/,(,),$,program,block,const_declaration,const_declaration_list,var_declaration,var_declaration_list,proceduret,statement,statement_tail,condition,expression,term,factor
0,r3,s3,r3, , , , ,r3,r3, ,r3,r3,r3,r3, ,r3, ,r3, , , , , , , , , , , , , , , ,1,2, , , , , , , , , , 
1,s4, , , , , , , , , , , , , , , , , , , , , , , , , , , , , , , , , , , , , , , , , , , , 
2,r7, ,r7, , , , ,s6,r7, ,r7,r7,r7,r7, ,r7, ,r7, , , , , , , , , , , , , , , , , , ,5, , , , , , , , 
3, , ,s7, , , , , , , , , , , , , , , , , , , , , , , , , , , , , , , , , , , , , , , , , , 
4, , , , , , , , , , , , , , , , , , , , , , , , , , , , , , , ,acct, , , , , , , , , , , , , 
5,r11, ,r11, , , , , ,r11, ,r11,r11,r11,r11, ,r11, ,r11, , , , , , , , , , , , , , , , , , , , ,8, , , , , , 
6, , ,s9, , , , , , , , , , , , , , , , , , , , , , , , , , , , , , , , , , , , , , , , , , 
7, , , ,s10, , , , , , , , , , , , , , , , , , , , , , , , , , , , , , , , , , , , , , , , , 
8,r19, ,s13, , , , , ,s12, ,s14,s15,s16,s17, ,s18, ,s19, , , , , , , , , , , , , , , , , , , , , ,11, , , , , 
9, , , , , ,s21,s22, , , , , , , , , , , , , , , , , , , , , , , , , , , , , , ,20, , , , , , , 
10, , , , ,s23, , , , , , , , , , , , , , , , , , , , , , , , , , , , , , , , , , , , , , , , 
11,r1, , , , , , , , , , , , , , , , , , , , , , , , , , , , , , , , , , , , , , , , , , , , 
12, , ,s24, , , , , , , , , , , , , , , , , , , , , , , , , , , , , , , , , , , , , , , , , , 
13, , , , , , , , , ,s25, , , , , , , , , , , , , , , , , , , , , , , , , , , , , , , , , , , 
14, , ,s26, , , , , , , , , , , , , , , , , , , , , , , , , , , , , , , , , , , , , , , , , , 
15, , ,s27, , , , , , , , , , , , , , , , , , , , , , , , , , , , , , , , , , , , , , , , , , 
16, , ,s33, ,s34, , , , , , , , , , , , , , , , , , , , ,s29,s30, , ,s35, , , , , , , , , , , , ,28,31,32
17,r19, ,s37, , , ,r19, , , ,s38,s39,s40,s41,r19,s42, ,s43, , , , , , , , , , , , , , , , , , , , , ,36, , , , , 
18, , ,s51, ,s52, , , , , , , , , , , , , , ,s45, , , , , ,s47,s48, , ,s53, , , , , , , , , , , ,44,46,49,50
19, , ,s51, ,s52, , , , , , , , , , , , , , ,s55, , , , , ,s47,s48, , ,s53, , , , , , , , , , , ,54,56,49,50
20,r6, ,r6, , , , , ,r6, ,r6,r6,r6,r6, ,r6, ,r6, , , , , , , , , , , , , , , , , , , , , , , , , , , 
21, , ,s57, , , , , , , , , , , , , , , , , , , , , , , , , , , , , , , , , , , , , , , , , , 
22,r9, ,r9, , , , , ,r9, ,r9,r9,r9,r9, ,r9, ,r9, , , , , , , , , , , , , , , , , , , , , , , , , , , 
23, , , , , ,s59,s60, , , , , , , , , , , , , , , , , , , , , , , , , , , , ,58, , , , , , , , , 
24, , , , , , ,s61, , , , , , , , , , , , , , , , , , , , , , , , , , , , , , , , , , , , , , 
25, , ,s33, ,s34, , , , , , , , , , , , , , , , , , , , ,s29,s30, , ,s35, , , , , , , , , , , , ,62,31,32
26,r13, , , , , , , , , , , , , , , , , , , , , , , , , , , , , , , , , , , , , , , , , , , , 
27,r14, , , , , , , , , , , , , , , , , , , , , , , , , , , , , , , , , , , , , , , , , , , , 
28,r15, , , , , , , , , , , , , , , , , , , , , , , , , , , , , , , , , , , , , , , , , , , , 
29, , ,s65, ,s66, , , , , , , , , , , , , , , , , , , , , , , , ,s67, , , , , , , , , , , , , ,63,64
30, , ,s65, ,s66, , , , , , , , , , , , , , , , , , , , , , , , ,s67, , , , , , , , , , , , , ,68,64
31,r33, , , , , , , , , , , , , , , , , , , , , , , , ,s69,s70, , , , , , , , , , , , , , , , , , 
32,r34, , , , , , , , , , , , , , , , , , , , , , , , ,r34,r34,s71,s72, , , , , , , , , , , , , , , , 
33,r37, , , , , , , , , , , , , , , , , , , , , , , , ,r37,r37,r37,r37, , , , , , , , , , , , , , , , 
34,r38, , , , , , , , , , , , , , , , , , , , , , , , ,r38,r38,r38,r38, , , , , , , , , , , , , , , , 
35, , ,s78, ,s79, , , , , , , , , , , , , , , , , , , , ,s74,s75, , ,s80, , , , , , , , , , , , ,73,76,77
36, , , , , , ,r21, , , , , , , ,r21, , , , , , , , , , , , , , , , , , , , , , , , , ,81, , , , 
37, , , , , , , , , ,s82, , , , , , , , , , , , , , , , , , , , , , , , , , , , , , , , , , , 
38, , ,s83, , , , , , , , , , , , , , , , , , , , , , , , , , , , , , , , , , , , , , , , , , 
39, , ,s84, , , , , , , , , , , , , , , , , , , , , , , , , , , , , , , , , , , , , , , , , , 
40, , ,s90, ,s91, , , , , , , , , , , , , , , , , , , , ,s86,s87, , ,s92, , , , , , , , , , , , ,85,88,89
41,r19, ,s37, , , ,r19, , , ,s38,s39,s40,s41,r19,s42, ,s43, , , , , , , , , , , , , , , , , , , , , ,93, , , , , 
42, , ,s51, ,s52, , , , , , , , , , , , , , ,s45, , , , , ,s47,s48, , ,s53, , , , , , , , , , , ,94,46,49,50
43, , ,s51, ,s52, , , , , , , , , , , , , , ,s55, , , , , ,s47,s48, , ,s53, , , , , , , , , , , ,95,56,49,50
44, , , , , , , , , , , , , , , , ,s96, , , , , , , , , , , , , , , , , , , , , , , , , , , , 
45, , ,s102, ,s103, , , , , , , , , , , , , , , , , , , , ,s98,s99, , ,s104, , , , , , , , , , , , ,97,100,101
46, , , ,s105, , , , , , , , , , , , , , , , ,s106,s107,s108,s109,s110, , , , , , , , , , , , , , , , , , , , 
47, , ,s113, ,s114, , , , , , , , , , , , , , , , , , , , , , , , ,s115, , , , , , , , , , , , , ,111,112
48, , ,s113, ,s114, , , , , , , , , , , , , , , , , , , , , , , , ,s115, , , , , , , , , , , , , ,116,112
49, , , ,r33, , , , , , , , , , , , , , , , ,r33,r33,r33,r33,r33,s117,s118, , , , , , , , , , , , , , , , , , 
50, , , ,r34, , , , , , , , , , , , , , , , ,r34,r34,r34,r34,r34,r34,r34,s119,s120, , , , , , , , , , , , , , , , 
51, , , ,r37, , , , , , , , , , , , , , , , ,r37,r37,r37,r37,r37,r37,r37,r37,r37, , , , , , , , , , , , , , , , 
52, , , ,r38, , , , , , , , , , , , , , , , ,r38,r38,r38,r38,r38,r38,r38,r38,r38, , , , , , , , , , , , , , , , 
53, , ,s78, ,s79, , , , , , , , , , , , , , , , , , , , ,s74,s75, , ,s80, , , , , , , , , , , , ,121,76,77
54, , , , , , , , , , , , , , , , , , ,s122, , , , , , , , , , , , , , , , , , , , , , , , , , 
55, , ,s128, ,s129, , , , , , , , , , , , , , , , , , , , ,s124,s125, , ,s130, , , , , , , , , , , , ,123,126,127
56, , , ,s131, , , , , , , , , , , , , , , , ,s132,s133,s134,s135,s136, , , , , , , , , , , , , , , , , , , , 
57, , , , , ,s21,s22, , , , , , , , , , , , , , , , , , , , , , , , , , , , , , ,137, , , , , , , 
58,r2, ,r2, , , , ,r2,r2, ,r2,r2,r2,r2, ,r2, ,r2, , , , , , , , , , , , , , , , , , , , , , , , , , , 
59, , ,s138, , , , , , , , , , , , , , , , , , , , , , , , , , , , , , , , , , , , , , , , , , 
60,r5, ,r5, , , , ,r5,r5, ,r5,r5,r5,r5, ,r5, ,r5, , , , , , , , , , , , , , , , , , , , , , , , , , , 
61, ,s141,r3, , , ,r3,r3,r3, ,r3,r3,r3,r3, ,r3, ,r3, , , , , , , , , , , , , , , ,139,140, , , , , , , , , , 
62,r12, , , , , , , , , , , , , , , , , , , , , , , , , , , , , , , , , , , , , , , , , , , , 
63,r29, , , , , , , , , , , , , , , , , , , , , , , , , , , , , , , , , , , , , , , , , , , , 
64,r34, , , , , , , , , , , , , , , , , , , , , , , , , , ,s142,s143, , , , , , , , , , , , , , , , 
65,r37, , , , , , , , , , , , , , , , , , , , , , , , , , ,r37,r37, , , , , , , , , , , , , , , , 
66,r38, , , , , , , , , , , , , , , , , , , , , , , , , , ,r38,r38, , , , , , , , , , , , , , , , 
67, , ,s78, ,s79, , , , , , , , , , , , , , , , , , , , ,s74,s75, , ,s80, , , , , , , , , , , , ,144,76,77
68,r30, , , , , , , , , , , , , , , , , , , , , , , , , , , , , , , , , , , , , , , , , , , , 
69, , ,s65, ,s66, , , , , , , , , , , , , , , , , , , , , , , , ,s67, , , , , , , , , , , , , ,145,64
70, , ,s65, ,s66, , , , , , , , , , , , , , , , , , , , , , , , ,s67, , , , , , , , , , , , , ,146,64
71, , ,s33, ,s34, , , , , , , , , , , , , , , , , , , , , , , , ,s35, , , , , , , , , , , , , ,147,32
72, , ,s33, ,s34, , , , , , , , , , , , , , , , , , , , , , , , ,s35, , , , , , , , , , , , , ,148,32
73, , , , , , , , , , , , , , , , , , , , , , , , , , , , , , ,s149, , , , , , , , , , , , , , 
74, , ,s152, ,s153, , , , , , , , , , , , , , , , , , , , , , , , ,s154, , , , , , , , , , , , , ,150,151
75, , ,s152, ,s153, , , , , , , , , , , , , , , , , , , , , , , , ,s154, , , , , , , , , , , , , ,155,151
76, , , , , , , , , , , , , , , , , , , , , , , , , ,s156,s157, , , ,r33, , , , , , , , , , , , , , 
77, , , , , , , , , , , , , , , , , , , , , , , , , ,r34,r34,s158,s159, ,r34, , , , , , , , , , , , , , 
78, , , , , , , , , , , , , , , , , , , , , , , , , ,r37,r37,r37,r37, ,r37, , , , , , , , , , , , , , 
79, , , , , , , , , , , , , , , , , , , , , , , , , ,r38,r38,r38,r38, ,r38, , , , , , , , , , , , , , 
80, , ,s78, ,s79, , , , , , , , , , , , , , , , , , , , ,s74,s75, , ,s80, , , , , , , , , , , , ,160,76,77
81, , , , , , ,s162, , , , , , , ,s161, , , , , , , , , , , , , , , , , , , , , , , , , , , , , , 
82, , ,s90, ,s91, , , , , , , , , , , , , , , , , , , , ,s86,s87, , ,s92, , , , , , , , , , , , ,163,88,89
83,r13, , , , , ,r13, , , , , , , ,r13, , , , , , , , , , , , , , , , , , , , , , , , , , , , , , 
84,r14, , , , , ,r14, , , , , , , ,r14, , , , , , , , , , , , , , , , , , , , , , , , , , , , , , 
85,r15, , , , , ,r15, , , , , , , ,r15, , , , , , , , , , , , , , , , , , , , , , , , , , , , , , 
86, , ,s166, ,s167, , , , , , , , , , , , , , , , , , , , , , , , ,s168, , , , , , , , , , , , , ,164,165
87, , ,s166, ,s167, , , , , , , , , , , , , , , , , , , , , , , , ,s168, , , , , , , , , , , , , ,169,165
88,r33, , , , , ,r33, , , , , , , ,r33, , , , , , , , , , ,s170,s171, , , , , , , , , , , , , , , , , , 
89,r34, , , , , ,r34, , , , , , , ,r34, , , , , , , , , , ,r34,r34,s172,s173, , , , , , , , , , , , , , , , 
90,r37, , , , , ,r37, , , , , , , ,r37, , , , , , , , , , ,r37,r37,r37,r37, , , , , , , , , , , , , , , , 
91,r38, , , , , ,r38, , , , , , , ,r38, , , , , , , , , , ,r38,r38,r38,r38, , , , , , , , , , , , , , , , 
92, , ,s78, ,s79, , , , , , , , , , , , , , , , , , , , ,s74,s75, , ,s80, , , , , , , , , , , , ,174,76,77
93, , , , , , ,r21, , , , , , , ,r21, , , , , , , , , , , , , , , , , , , , , , , , , ,175, , , , 
94, , , , , , , , , , , , , , , , ,s176, , , , , , , , , , , , , , , , , , , , , , , , , , , , 
95, , , , , , , , , , , , , , , , , , ,s177, , , , , , , , , , , , , , , , , , , , , , , , , , 
96,r19, ,s13, , , , , , , ,s14,s15,s16,s17, ,s18, ,s19, , , , , , , , , , , , , , , , , , , , , ,178, , , , , 
97, , , , , , , , , , , , , , , , ,r22, , , , , , , , , , , , , , , , , , , , , , , , , , , , 
98, , ,s181, ,s182, , , , , , , , , , , , , , , , , , , , , , , , ,s183, , , , , , , , , , , , , ,179,180
99, , ,s181, ,s182, , , , , , , , , , , , , , , , , , , , , , , , ,s183, , , , , , , , , , , , , ,184,180
100, , , , , , , , , , , , , , , , ,r33, , , , , , , , ,s185,s186, , , , , , , , , , , , , , , , , , 
101, , , , , , , , , , , , , , , , ,r34, , , , , , , , ,r34,r34,s187,s188, , , , , , , , , , , , , , , , 
102, , , , , , , , , , , , , , , , ,r37, , , , , , , , ,r37,r37,r37,r37, , , , , , , , , , , , , , , , 
103, , , , , , , , , , , , , , , , ,r38, , , , , , , , ,r38,r38,r38,r38, , , , , , , , , , , , , , , , 
104, , ,s78, ,s79, , , , , , , , , , , , , , , , , , , , ,s74,s75, , ,s80, , , , , , , , , , , , ,189,76,77
105, , ,s102, ,s103, , , , , , , , , , , , , , , , , , , , ,s98,s99, , ,s104, , , , , , , , , , , , ,190,100,101
106, , ,s102, ,s103, , , , , , , , , , , , , , , , , , , , ,s98,s99, , ,s104, , , , , , , , , , , , ,191,100,101
107, , ,s102, ,s103, , , , , , , , , , , , , , , , , , , , ,s98,s99, , ,s104, , , , , , , , , , , , ,192,100,101
108, , ,s102, ,s103, , , , , , , , , , , , , , , , , , , , ,s98,s99, , ,s104, , , , , , , , , , , , ,193,100,101
109, , ,s102, ,s103, , , , , , , , , , , , , , , , , , , , ,s98,s99, , ,s104, , , , , , , , , , , , ,194,100,101
110, , ,s102, ,s103, , , , , , , , , , , , , , , , , , , , ,s98,s99, , ,s104, , , , , , , , , , , , ,195,100,101
111, , , ,r29, , , , , , , , , , , , , , , , ,r29,r29,r29,r29,r29, , , , , , , , , , , , , , , , , , , , 
112, , , ,r34, , , , , , , , , , , , , , , , ,r34,r34,r34,r34,r34, , ,s196,s197, , , , , , , , , , , , , , , , 
113, , , ,r37, , , , , , , , , , , , , , , , ,r37,r37,r37,r37,r37, , ,r37,r37, , , , , , , , , , , , , , , , 
114, , , ,r38, , , , , , , , , , , , , , , , ,r38,r38,r38,r38,r38, , ,r38,r38, , , , , , , , , , , , , , , , 
115, , ,s78, ,s79, , , , , , , , , , , , , , , , , , , , ,s74,s75, , ,s80, , , , , , , , , , , , ,198,76,77
116, , , ,r30, , , , , , , , , , , , , , , , ,r30,r30,r30,r30,r30, , , , , , , , , , , , , , , , , , , , 
117, , ,s113, ,s114, , , , , , , , , , , , , , , , , , , , , , , , ,s115, , , , , , , , , , , , , ,199,112
118, , ,s113, ,s114, , , , , , , , , , , , , , , , , , , , , , , , ,s115, , , , , , , , , , , , , ,200,112
119, , ,s51, ,s52, , , , , , , , , , , , , , , , , , , , , , , , ,s53, , , , , , , , , , , , , ,201,50
120, , ,s51, ,s52, , , , , , , , , , , , , , , , , , , , , , , , ,s53, , , , , , , , , , , , , ,202,50
121, , , , , , , , , , , , , , , , , , , , , , , , , , , , , , ,s203, , , , , , , , , , , , , , 
122,r19, ,s13, , , , , , , ,s14,s15,s16,s17, ,s18, ,s19, , , , , , , , , , , , , , , , , , , , , ,204, , , , , 
123, , , , , , , , , , , , , , , , , , ,r22, , , , , , , , , , , , , , , , , , , , , , , , , , 
124, , ,s207, ,s208, , , , , , , , , , , , , , , , , , , , , , , , ,s209, , , , , , , , , , , , , ,205,206
125, , ,s207, ,s208, , , , , , , , , , , , , , , , , , , , , , , , ,s209, , , , , , , , , , , , , ,210,206
126, , , , , , , , , , , , , , , , , , ,r33, , , , , , ,s211,s212, , , , , , , , , , , , , , , , , , 
127, , , , , , , , , , , , , , , , , , ,r34, , , , , , ,r34,r34,s213,s214, , , , , , , , , , , , , , , , 
128, , , , , , , , , , , , , , , , , , ,r37, , , , , , ,r37,r37,r37,r37, , , , , , , , , , , , , , , , 
129, , , , , , , , , , , , , , , , , , ,r38, , , , , , ,r38,r38,r38,r38, , , , , , , , , , , , , , , , 
130, , ,s78, ,s79, , , , , , , , , , , , , , , , , , , , ,s74,s75, , ,s80, , , , , , , , , , , , ,215,76,77
131, , ,s128, ,s129, , , , , , , , , , , , , , , , , , , , ,s124,s125, , ,s130, , , , , , , , , , , , ,216,126,127
132, , ,s128, ,s129, , , , , , , , , , , , , , , , , , , , ,s124,s125, , ,s130, , , , , , , , , , , , ,217,126,127
133, , ,s128, ,s129, , , , , , , , , , , , , , , , , , , , ,s124,s125, , ,s130, , , , , , , , , , , , ,218,126,127
134, , ,s128, ,s129, , , , , , , , , , , , , , , , , , , , ,s124,s125, , ,s130, , , , , , , , , , , , ,219,126,127
135, , ,s128, ,s129, , , , , , , , , , , , , , , , , , , , ,s124,s125, , ,s130, , , , , , , , , , , , ,220,126,127
136, , ,s128, ,s129, , , , , , , , , , , , , , , , , , , , ,s124,s125, , ,s130, , , , , , , , , , , , ,221,126,127
137,r8, ,r8, , , , , ,r8, ,r8,r8,r8,r8, ,r8, ,r8, , , , , , , , , , , , , , , , , , , , , , , , , , , 
138, , , ,s222, , , , , , , , , , , , , , , , , , , , , , , , , , , , , , , , , , , , , , , , , 
139, , , , , , ,s223, , , , , , , , , , , , , , , , , , , , , , , , , , , , , , , , , , , , , , 
140, , ,r7, , , ,r7,s225,r7, ,r7,r7,r7,r7, ,r7, ,r7, , , , , , , , , , , , , , , , , , ,224, , , , , , , , 
141, , ,s226, , , , , , , , , , , , , , , , , , , , , , , , , , , , , , , , , , , , , , , , , , 
142, , ,s65, ,s66, , , , , , , , , , , , , , , , , , , , , , , , ,s67, , , , , , , , , , , , , ,227,64
143, , ,s65, ,s66, , , , , , , , , , , , , , , , , , , , , , , , ,s67, , , , , , , , , , , , , ,228,64
144, , , , , , , , , , , , , , , , , , , , , , , , , , , , , , ,s229, , , , , , , , , , , , , , 
145,r31, , , , , , , , , , , , , , , , , , , , , , , , , , , , , , , , , , , , , , , , , , , , 
146,r32, , , , , , , , , , , , , , , , , , , , , , , , , , , , , , , , , , , , , , , , , , , , 
147,r35, , , , , , , , , , , , , , , , , , , , , , , , ,r35,r35, , , , , , , , , , , , , , , , , , 
148,r36, , , , , , , , , , , , , , , , , , , , , , , , ,r36,r36, , , , , , , , , , , , , , , , , , 
149,r39, , , , , , , , , , , , , , , , , , , , , , , , ,r39,r39,r39,r39, , , , , , , , , , , , , , , , 
150, , , , , , , , , , , , , , , , , , , , , , , , , , , , , , ,r29, , , , , , , , , , , , , , 
151, , , , , , , , , , , , , , , , , , , , , , , , , , , ,s230,s231, ,r34, , , , , , , , , , , , , , 
152, , , , , , , , , , , , , , , , , , , , , , , , , , , ,r37,r37, ,r37, , , , , , , , , , , , , , 
153, , , , , , , , , , , , , , , , , , , , , , , , , , , ,r38,r38, ,r38, , , , , , , , , , , , , , 
154, , ,s78, ,s79, , , , , , , , , , , , , , , , , , , , ,s74,s75, , ,s80, , , , , , , , , , , , ,232,76,77
155, , , , , , , , , , , , , , , , , , , , , , , , , , , , , , ,r30, , , , , , , , , , , , , , 
156, , ,s152, ,s153, , , , , , , , , , , , , , , , , , , , , , , , ,s154, , , , , , , , , , , , , ,233,151
157, , ,s152, ,s153, , , , , , , , , , , , , , , , , , , , , , , , ,s154, , , , , , , , , , , , , ,234,151
158, , ,s78, ,s79, , , , , , , , , , , , , , , , , , , , , , , , ,s80, , , , , , , , , , , , , ,235,77
159, , ,s78, ,s79, , , , , , , , , , , , , , , , , , , , , , , , ,s80, , , , , , , , , , , , , ,236,77
160, , , , , , , , , , , , , , , , , , , , , , , , , , , , , , ,s237, , , , , , , , , , , , , , 
161,r16, , , , , , , , , , , , , , , , , , , , , , , , , , , , , , , , , , , , , , , , , , , , 
162, , ,s239, , , ,r19, , , ,s240,s241,s242,s243,r19,s244, ,s245, , , , , , , , , , , , , , , , , , , , , ,238, , , , , 
163,r12, , , , , ,r12, , , , , , , ,r12, , , , , , , , , , , , , , , , , , , , , , , , , , , , , , 
164,r29, , , , , ,r29, , , , , , , ,r29, , , , , , , , , , , , , , , , , , , , , , , , , , , , , , 
165,r34, , , , , ,r34, , , , , , , ,r34, , , , , , , , , , , , ,s246,s247, , , , , , , , , , , , , , , , 
166,r37, , , , , ,r37, , , , , , , ,r37, , , , , , , , , , , , ,r37,r37, , , , , , , , , , , , , , , , 
167,r38, , , , , ,r38, , , , , , , ,r38, , , , , , , , , , , , ,r38,r38, , , , , , , , , , , , , , , , 
168, , ,s78, ,s79, , , , , , , , , , , , , , , , , , , , ,s74,s75, , ,s80, , , , , , , , , , , , ,248,76,77
169,r30, , , , , ,r30, , , , , , , ,r30, , , , , , , , , , , , , , , , , , , , , , , , , , , , , , 
170, , ,s166, ,s167, , , , , , , , , , , , , , , , , , , , , , , , ,s168, , , , , , , , , , , , , ,249,165
171, , ,s166, ,s167, , , , , , , , , , , , , , , , , , , , , , , , ,s168, , , , , , , , , , , , , ,250,165
172, , ,s90, ,s91, , , , , , , , , , , , , , , , , , , , , , , , ,s92, , , , , , , , , , , , , ,251,89
173, , ,s90, ,s91, , , , , , , , , , , , , , , , , , , , , , , , ,s92, , , , , , , , , , , , , ,252,89
174, , , , , , , , , , , , , , , , , , , , , , , , , , , , , , ,s253, , , , , , , , , , , , , , 
175, , , , , , ,s162, , , , , , , ,s254, , , , , , , , , , , , , , , , , , , , , , , , , , , , , , 
176,r19, ,s37, , , ,r19, , , ,s38,s39,s40,s41,r19,s42, ,s43, , , , , , , , , , , , , , , , , , , , , ,255, , , , , 
177,r19, ,s37, , , ,r19, , , ,s38,s39,s40,s41,r19,s42, ,s43, , , , , , , , , , , , , , , , , , , , , ,256, , , , , 
178,r17, , , , , , , , , , , , , , , , , , , , , , , , , , , , , , , , , , , , , , , , , , , , 
179, , , , , , , , , , , , , , , , ,r29, , , , , , , , , , , , , , , , , , , , , , , , , , , , 
180, , , , , , , , , , , , , , , , ,r34, , , , , , , , , , ,s257,s258, , , , , , , , , , , , , , , , 
181, , , , , , , , , , , , , , , , ,r37, , , , , , , , , , ,r37,r37, , , , , , , , , , , , , , , , 
182, , , , , , , , , , , , , , , , ,r38, , , , , , , , , , ,r38,r38, , , , , , , , , , , , , , , , 
183, , ,s78, ,s79, , , , , , , , , , , , , , , , , , , , ,s74,s75, , ,s80, , , , , , , , , , , , ,259,76,77
184, , , , , , , , , , , , , , , , ,r30, , , , , , , , , , , , , , , , , , , , , , , , , , , , 
185, , ,s181, ,s182, , , , , , , , , , , , , , , , , , , , , , , , ,s183, , , , , , , , , , , , , ,260,180
186, , ,s181, ,s182, , , , , , , , , , , , , , , , , , , , , , , , ,s183, , , , , , , , , , , , , ,261,180
187, , ,s102, ,s103, , , , , , , , , , , , , , , , , , , , , , , , ,s104, , , , , , , , , , , , , ,262,101
188, , ,s102, ,s103, , , , , , , , , , , , , , , , , , , , , , , , ,s104, , , , , , , , , , , , , ,263,101
189, , , , , , , , , , , , , , , , , , , , , , , , , , , , , , ,s264, , , , , , , , , , , , , , 
190, , , , , , , , , , , , , , , , ,r23, , , , , , , , , , , , , , , , , , , , , , , , , , , , 
191, , , , , , , , , , , , , , , , ,r24, , , , , , , , , , , , , , , , , , , , , , , , , , , , 
192, , , , , , , , , , , , , , , , ,r25, , , , , , , , , , , , , , , , , , , , , , , , , , , , 
193, , , , , , , , , , , , , , , , ,r26, , , , , , , , , , , , , , , , , , , , , , , , , , , , 
194, , , , , , , , , , , , , , , , ,r27, , , , , , , , , , , , , , , , , , , , , , , , , , , , 
195, , , , , , , , , , , , , , , , ,r28, , , , , , , , , , , , , , , , , , , , , , , , , , , , 
196, , ,s113, ,s114, , , , , , , , , , , , , , , , , , , , , , , , ,s115, , , , , , , , , , , , , ,265,112
197, , ,s113, ,s114, , , , , , , , , , , , , , , , , , , , , , , , ,s115, , , , , , , , , , , , , ,266,112
198, , , , , , , , , , , , , , , , , , , , , , , , , , , , , , ,s267, , , , , , , , , , , , , , 
199, , , ,r31, , , , , , , , , , , , , , , , ,r31,r31,r31,r31,r31, , , , , , , , , , , , , , , , , , , , 
200, , , ,r32, , , , , , , , , , , , , , , , ,r32,r32,r32,r32,r32, , , , , , , , , , , , , , , , , , , , 
201, , , ,r35, , , , , , , , , , , , , , , , ,r35,r35,r35,r35,r35,r35,r35, , , , , , , , , , , , , , , , , , 
202, , , ,r36, , , , , , , , , , , , , , , , ,r36,r36,r36,r36,r36,r36,r36, , , , , , , , , , , , , , , , , , 
203, , , ,r39, , , , , , , , , , , , , , , , ,r39,r39,r39,r39,r39,r39,r39,r39,r39, , , , , , , , , , , , , , , , 
204,r18, , , , , , , , , , , , , , , , , , , , , , , , , , , , , , , , , , , , , , , , , , , , 
205, , , , , , , , , , , , , , , , , , ,r29, , , , , , , , , , , , , , , , , , , , , , , , , , 
206, , , , , , , , , , , , , , , , , , ,r34, , , , , , , , ,s268,s269, , , , , , , , , , , , , , , , 
207, , , , , , , , , , , , , , , , , , ,r37, , , , , , , , ,r37,r37, , , , , , , , , , , , , , , , 
208, , , , , , , , , , , , , , , , , , ,r38, , , , , , , , ,r38,r38, , , , , , , , , , , , , , , , 
209, , ,s78, ,s79, , , , , , , , , , , , , , , , , , , , ,s74,s75, , ,s80, , , , , , , , , , , , ,270,76,77
210, , , , , , , , , , , , , , , , , , ,r30, , , , , , , , , , , , , , , , , , , , , , , , , , 
211, , ,s207, ,s208, , , , , , , , , , , , , , , , , , , , , , , , ,s209, , , , , , , , , , , , , ,271,206
212, , ,s207, ,s208, , , , , , , , , , , , , , , , , , , , , , , , ,s209, , , , , , , , , , , , , ,272,206
213, , ,s128, ,s129, , , , , , , , , , , , , , , , , , , , , , , , ,s130, , , , , , , , , , , , , ,273,127
214, , ,s128, ,s129, , , , , , , , , , , , , , , , , , , , , , , , ,s130, , , , , , , , , , , , , ,274,127
215, , , , , , , , , , , , , , , , , , , , , , , , , , , , , , ,s275, , , , , , , , , , , , , , 
216, , , , , , , , , , , , , , , , , , ,r23, , , , , , , , , , , , , , , , , , , , , , , , , , 
217, , , , , , , , , , , , , , , , , , ,r24, , , , , , , , , , , , , , , , , , , , , , , , , , 
218, , , , , , , , , , , , , , , , , , ,r25, , , , , , , , , , , , , , , , , , , , , , , , , , 
219, , , , , , , , , , , , , , , , , , ,r26, , , , , , , , , , , , , , , , , , , , , , , , , , 
220, , , , , , , , , , , , , , , , , , ,r27, , , , , , , , , , , , , , , , , , , , , , , , , , 
221, , , , , , , , , , , , , , , , , , ,r28, , , , , , , , , , , , , , , , , , , , , , , , , , 
222, , , , ,s276, , , , , , , , , , , , , , , , , , , , , , , , , , , , , , , , , , , , , , , , 
223,r10, ,r10, , , , , ,r10, ,r10,r10,r10,r10, ,r10, ,r10, , , , , , , , , , , , , , , , , , , , , , , , , , , 
224, , ,r11, , , ,r11, ,r11, ,r11,r11,r11,r11, ,r11, ,r11, , , , , , , , , , , , , , , , , , , , ,277, , , , , , 
225, , ,s278, , , , , , , , , , , , , , , , , , , , , , , , , , , , , , , , , , , , , , , , , , 
226, , , ,s279, , , , , , , , , , , , , , , , , , , , , , , , , , , , , , , , , , , , , , , , , 
227,r35, , , , , , , , , , , , , , , , , , , , , , , , , , , , , , , , , , , , , , , , , , , , 
228,r36, , , , , , , , , , , , , , , , , , , , , , , , , , , , , , , , , , , , , , , , , , , , 
229,r39, , , , , , , , , , , , , , , , , , , , , , , , , , ,r39,r39, , , , , , , , , , , , , , , , 
230, , ,s152, ,s153, , , , , , , , , , , , , , , , , , , , , , , , ,s154, , , , , , , , , , , , , ,280,151
231, , ,s152, ,s153, , , , , , , , , , , , , , , , , , , , , , , , ,s154, , , , , , , , , , , , , ,281,151
232, , , , , , , , , , , , , , , , , , , , , , , , , , , , , , ,s282, , , , , , , , , , , , , , 
233, , , , , , , , , , , , , , , , , , , , , , , , , , , , , , ,r31, , , , , , , , , , , , , , 
234, , , , , , , , , , , , , , , , , , , , , , , , , , , , , , ,r32, , , , , , , , , , , , , , 
235, , , , , , , , , , , , , , , , , , , , , , , , , ,r35,r35, , , ,r35, , , , , , , , , , , , , , 
236, , , , , , , , , , , , , , , , , , , , , , , , , ,r36,r36, , , ,r36, , , , , , , , , , , , , , 
237, , , , , , , , , , , , , , , , , , , , , , , , , ,r39,r39,r39,r39, ,r39, , , , , , , , , , , , , , 
238, , , , , , ,r20, , , , , , , ,r20, , , , , , , , , , , , , , , , , , , , , , , , , , , , , , 
239, , , , , , , , , ,s283, , , , , , , , , , , , , , , , , , , , , , , , , , , , , , , , , , , 
240, , ,s284, , , , , , , , , , , , , , , , , , , , , , , , , , , , , , , , , , , , , , , , , , 
241, , ,s285, , , , , , , , , , , , , , , , , , , , , , , , , , , , , , , , , , , , , , , , , , 
242, , ,s291, ,s292, , , , , , , , , , , , , , , , , , , , ,s287,s288, , ,s293, , , , , , , , , , , , ,286,289,290
243, , ,s239, , , ,r19, , , ,s240,s241,s242,s243,r19,s244, ,s245, , , , , , , , , , , , , , , , , , , , , ,294, , , , , 
244, , ,s51, ,s52, , , , , , , , , , , , , , ,s45, , , , , ,s47,s48, , ,s53, , , , , , , , , , , ,295,46,49,50
245, , ,s51, ,s52, , , , , , , , , , , , , , ,s55, , , , , ,s47,s48, , ,s53, , , , , , , , , , , ,296,56,49,50
246, , ,s166, ,s167, , , , , , , , , , , , , , , , , , , , , , , , ,s168, , , , , , , , , , , , , ,297,165
247, , ,s166, ,s167, , , , , , , , , , , , , , , , , , , , , , , , ,s168, , , , , , , , , , , , , ,298,165
248, , , , , , , , , , , , , , , , , , , , , , , , , , , , , , ,s299, , , , , , , , , , , , , , 
249,r31, , , , , ,r31, , , , , , , ,r31, , , , , , , , , , , , , , , , , , , , , , , , , , , , , , 
250,r32, , , , , ,r32, , , , , , , ,r32, , , , , , , , , , , , , , , , , , , , , , , , , , , , , , 
251,r35, , , , , ,r35, , , , , , , ,r35, , , , , , , , , , ,r35,r35, , , , , , , , , , , , , , , , , , 
252,r36, , , , , ,r36, , , , , , , ,r36, , , , , , , , , , ,r36,r36, , , , , , , , , , , , , , , , , , 
253,r39, , , , , ,r39, , , , , , , ,r39, , , , , , , , , , ,r39,r39,r39,r39, , , , , , , , , , , , , , , , 
254,r16, , , , , ,r16, , , , , , , ,r16, , , , , , , , , , , , , , , , , , , , , , , , , , , , , , 
255,r17, , , , , ,r17, , , , , , , ,r17, , , , , , , , , , , , , , , , , , , , , , , , , , , , , , 
256,r18, , , , , ,r18, , , , , , , ,r18, , , , , , , , , , , , , , , , , , , , , , , , , , , , , , 
257, , ,s181, ,s182, , , , , , , , , , , , , , , , , , , , , , , , ,s183, , , , , , , , , , , , , ,300,180
258, , ,s181, ,s182, , , , , , , , , , , , , , , , , , , , , , , , ,s183, , , , , , , , , , , , , ,301,180
259, , , , , , , , , , , , , , , , , , , , , , , , , , , , , , ,s302, , , , , , , , , , , , , , 
260, , , , , , , , , , , , , , , , ,r31, , , , , , , , , , , , , , , , , , , , , , , , , , , , 
261, , , , , , , , , , , , , , , , ,r32, , , , , , , , , , , , , , , , , , , , , , , , , , , , 
262, , , , , , , , , , , , , , , , ,r35, , , , , , , , ,r35,r35, , , , , , , , , , , , , , , , , , 
263, , , , , , , , , , , , , , , , ,r36, , , , , , , , ,r36,r36, , , , , , , , , , , , , , , , , , 
264, , , , , , , , , , , , , , , , ,r39, , , , , , , , ,r39,r39,r39,r39, , , , , , , , , , , , , , , , 
265, , , ,r35, , , , , , , , , , , , , , , , ,r35,r35,r35,r35,r35, , , , , , , , , , , , , , , , , , , , 
266, , , ,r36, , , , , , , , , , , , , , , , ,r36,r36,r36,r36,r36, , , , , , , , , , , , , , , , , , , , 
267, , , ,r39, , , , , , , , , , , , , , , , ,r39,r39,r39,r39,r39, , ,r39,r39, , , , , , , , , , , , , , , , 
268, , ,s207, ,s208, , , , , , , , , , , , , , , , , , , , , , , , ,s209, , , , , , , , , , , , , ,303,206
269, , ,s207, ,s208, , , , , , , , , , , , , , , , , , , , , , , , ,s209, , , , , , , , , , , , , ,304,206
270, , , , , , , , , , , , , , , , , , , , , , , , , , , , , , ,s305, , , , , , , , , , , , , , 
271, , , , , , , , , , , , , , , , , , ,r31, , , , , , , , , , , , , , , , , , , , , , , , , , 
272, , , , , , , , , , , , , , , , , , ,r32, , , , , , , , , , , , , , , , , , , , , , , , , , 
273, , , , , , , , , , , , , , , , , , ,r35, , , , , , ,r35,r35, , , , , , , , , , , , , , , , , , 
274, , , , , , , , , , , , , , , , , , ,r36, , , , , , ,r36,r36, , , , , , , , , , , , , , , , , , 
275, , , , , , , , , , , , , , , , , , ,r39, , , , , , ,r39,r39,r39,r39, , , , , , , , , , , , , , , , 
276, , , , , ,s59,s60, , , , , , , , , , , , , , , , , , , , , , , , , , , , ,306, , , , , , , , , 
277, , ,s309, , , ,r19, ,s308, ,s310,s311,s312,s313, ,s314, ,s315, , , , , , , , , , , , , , , , , , , , , ,307, , , , , 
278, , , , , ,s317,s318, , , , , , , , , , , , , , , , , , , , , , , , , , , , , , ,316, , , , , , , 
279, , , , ,s319, , , , , , , , , , , , , , , , , , , , , , , , , , , , , , , , , , , , , , , , 
280, , , , , , , , , , , , , , , , , , , , , , , , , , , , , , ,r35, , , , , , , , , , , , , , 
281, , , , , , , , , , , , , , , , , , , , , , , , , , , , , , ,r36, , , , , , , , , , , , , , 
282, , , , , , , , , , , , , , , , , , , , , , , , , , , ,r39,r39, ,r39, , , , , , , , , , , , , , 
283, , ,s291, ,s292, , , , , , , , , , , , , , , , , , , , ,s287,s288, , ,s293, , , , , , , , , , , , ,320,289,290
284, , , , , , ,r13, , , , , , , ,r13, , , , , , , , , , , , , , , , , , , , , , , , , , , , , , 
285, , , , , , ,r14, , , , , , , ,r14, , , , , , , , , , , , , , , , , , , , , , , , , , , , , , 
286, , , , , , ,r15, , , , , , , ,r15, , , , , , , , , , , , , , , , , , , , , , , , , , , , , , 
287, , ,s323, ,s324, , , , , , , , , , , , , , , , , , , , , , , , ,s325, , , , , , , , , , , , , ,321,322
288, , ,s323, ,s324, , , , , , , , , , , , , , , , , , , , , , , , ,s325, , , , , , , , , , , , , ,326,322
289, , , , , , ,r33, , , , , , , ,r33, , , , , , , , , , ,s327,s328, , , , , , , , , , , , , , , , , , 
290, , , , , , ,r34, , , , , , , ,r34, , , , , , , , , , ,r34,r34,s329,s330, , , , , , , , , , , , , , , , 
291, , , , , , ,r37, , , , , , , ,r37, , , , , , , , , , ,r37,r37,r37,r37, , , , , , , , , , , , , , , , 
292, , , , , , ,r38, , , , , , , ,r38, , , , , , , , , , ,r38,r38,r38,r38, , , , , , , , , , , , , , , , 
293, , ,s78, ,s79, , , , , , , , , , , , , , , , , , , , ,s74,s75, , ,s80, , , , , , , , , , , , ,331,76,77
294, , , , , , ,r21, , , , , , , ,r21, , , , , , , , , , , , , , , , , , , , , , , , , ,332, , , , 
295, , , , , , , , , , , , , , , , ,s333, , , , , , , , , , , , , , , , , , , , , , , , , , , , 
296, , , , , , , , , , , , , , , , , , ,s334, , , , , , , , , , , , , , , , , , , , , , , , , , 
297,r35, , , , , ,r35, , , , , , , ,r35, , , , , , , , , , , , , , , , , , , , , , , , , , , , , , 
298,r36, , , , , ,r36, , , , , , , ,r36, , , , , , , , , , , , , , , , , , , , , , , , , , , , , , 
299,r39, , , , , ,r39, , , , , , , ,r39, , , , , , , , , , , , ,r39,r39, , , , , , , , , , , , , , , , 
300, , , , , , , , , , , , , , , , ,r35, , , , , , , , , , , , , , , , , , , , , , , , , , , , 
301, , , , , , , , , , , , , , , , ,r36, , , , , , , , , , , , , , , , , , , , , , , , , , , , 
302, , , , , , , , , , , , , , , , ,r39, , , , , , , , , , ,r39,r39, , , , , , , , , , , , , , , , 
303, , , , , , , , , , , , , , , , , , ,r35, , , , , , , , , , , , , , , , , , , , , , , , , , 
304, , , , , , , , , , , , , , , , , , ,r36, , , , , , , , , , , , , , , , , , , , , , , , , , 
305, , , , , , , , , , , , , , , , , , ,r39, , , , , , , , ,r39,r39, , , , , , , , , , , , , , , , 
306,r4, ,r4, , , , ,r4,r4, ,r4,r4,r4,r4, ,r4, ,r4, , , , , , , , , , , , , , , , , , , , , , , , , , , 
307, , , , , , ,r1, , , , , , , , , , , , , , , , , , , , , , , , , , , , , , , , , , , , , , 
308, , ,s335, , , , , , , , , , , , , , , , , , , , , , , , , , , , , , , , , , , , , , , , , , 
309, , , , , , , , , ,s336, , , , , , , , , , , , , , , , , , , , , , , , , , , , , , , , , , , 
310, , ,s337, , , , , , , , , , , , , , , , , , , , , , , , , , , , , , , , , , , , , , , , , , 
311, , ,s338, , , , , , , , , , , , , , , , , , , , , , , , , , , , , , , , , , , , , , , , , , 
312, , ,s344, ,s345, , , , , , , , , , , , , , , , , , , , ,s340,s341, , ,s346, , , , , , , , , , , , ,339,342,343
313, , ,s239, , , ,r19, , , ,s240,s241,s242,s243,r19,s244, ,s245, , , , , , , , , , , , , , , , , , , , , ,347, , , , , 
314, , ,s51, ,s52, , , , , , , , , , , , , , ,s45, , , , , ,s47,s48, , ,s53, , , , , , , , , , , ,348,46,49,50
315, , ,s51, ,s52, , , , , , , , , , , , , , ,s55, , , , , ,s47,s48, , ,s53, , , , , , , , , , , ,349,56,49,50
316, , ,r6, , , ,r6, ,r6, ,r6,r6,r6,r6, ,r6, ,r6, , , , , , , , , , , , , , , , , , , , , , , , , , , 
317, , ,s350, , , , , , , , , , , , , , , , , , , , , , , , , , , , , , , , , , , , , , , , , , 
318, , ,r9, , , ,r9, ,r9, ,r9,r9,r9,r9, ,r9, ,r9, , , , , , , , , , , , , , , , , , , , , , , , , , , 
319, , , , , ,s352,s353, , , , , , , , , , , , , , , , , , , , , , , , , , , , ,351, , , , , , , , , 
320, , , , , , ,r12, , , , , , , ,r12, , , , , , , , , , , , , , , , , , , , , , , , , , , , , , 
321, , , , , , ,r29, , , , , , , ,r29, , , , , , , , , , , , , , , , , , , , , , , , , , , , , , 
322, , , , , , ,r34, , , , , , , ,r34, , , , , , , , , , , , ,s354,s355, , , , , , , , , , , , , , , , 
323, , , , , , ,r37, , , , , , , ,r37, , , , , , , , , , , , ,r37,r37, , , , , , , , , , , , , , , , 
324, , , , , , ,r38, , , , , , , ,r38, , , , , , , , , , , , ,r38,r38, , , , , , , , , , , , , , , , 
325, , ,s78, ,s79, , , , , , , , , , , , , , , , , , , , ,s74,s75, , ,s80, , , , , , , , , , , , ,356,76,77
326, , , , , , ,r30, , , , , , , ,r30, , , , , , , , , , , , , , , , , , , , , , , , , , , , , , 
327, , ,s323, ,s324, , , , , , , , , , , , , , , , , , , , , , , , ,s325, , , , , , , , , , , , , ,357,322
328, , ,s323, ,s324, , , , , , , , , , , , , , , , , , , , , , , , ,s325, , , , , , , , , , , , , ,358,322
329, , ,s291, ,s292, , , , , , , , , , , , , , , , , , , , , , , , ,s293, , , , , , , , , , , , , ,359,290
330, , ,s291, ,s292, , , , , , , , , , , , , , , , , , , , , , , , ,s293, , , , , , , , , , , , , ,360,290
331, , , , , , , , , , , , , , , , , , , , , , , , , , , , , , ,s361, , , , , , , , , , , , , , 
332, , , , , , ,s162, , , , , , , ,s362, , , , , , , , , , , , , , , , , , , , , , , , , , , , , , 
333, , ,s239, , , ,r19, , , ,s240,s241,s242,s243,r19,s244, ,s245, , , , , , , , , , , , , , , , , , , , , ,363, , , , , 
334, , ,s239, , , ,r19, , , ,s240,s241,s242,s243,r19,s244, ,s245, , , , , , , , , , , , , , , , , , , , , ,364, , , , , 
335, , , , , , ,s365, , , , , , , , , , , , , , , , , , , , , , , , , , , , , , , , , , , , , , 
336, , ,s344, ,s345, , , , , , , , , , , , , , , , , , , , ,s340,s341, , ,s346, , , , , , , , , , , , ,366,342,343
337, , , , , , ,r13, , , , , , , , , , , , , , , , , , , , , , , , , , , , , , , , , , , , , , 
338, , , , , , ,r14, , , , , , , , , , , , , , , , , , , , , , , , , , , , , , , , , , , , , , 
339, , , , , , ,r15, , , , , , , , , , , , , , , , , , , , , , , , , , , , , , , , , , , , , , 
340, , ,s369, ,s370, , , , , , , , , , , , , , , , , , , , , , , , ,s371, , , , , , , , , , , , , ,367,368
341, , ,s369, ,s370, , , , , , , , , , , , , , , , , , , , , , , , ,s371, , , , , , , , , , , , , ,372,368
342, , , , , , ,r33, , , , , , , , , , , , , , , , , , ,s373,s374, , , , , , , , , , , , , , , , , , 
343, , , , , , ,r34, , , , , , , , , , , , , , , , , , ,r34,r34,s375,s376, , , , , , , , , , , , , , , , 
344, , , , , , ,r37, , , , , , , , , , , , , , , , , , ,r37,r37,r37,r37, , , , , , , , , , , , , , , , 
345, , , , , , ,r38, , , , , , , , , , , , , , , , , , ,r38,r38,r38,r38, , , , , , , , , , , , , , , , 
346, , ,s78, ,s79, , , , , , , , , , , , , , , , , , , , ,s74,s75, , ,s80, , , , , , , , , , , , ,377,76,77
347, , , , , , ,r21, , , , , , , ,r21, , , , , , , , , , , , , , , , , , , , , , , , , ,378, , , , 
348, , , , , , , , , , , , , , , , ,s379, , , , , , , , , , , , , , , , , , , , , , , , , , , , 
349, , , , , , , , , , , , , , , , , , ,s380, , , , , , , , , , , , , , , , , , , , , , , , , , 
350, , , , , ,s317,s318, , , , , , , , , , , , , , , , , , , , , , , , , , , , , , ,381, , , , , , , 
351, , ,r2, , , ,r2,r2,r2, ,r2,r2,r2,r2, ,r2, ,r2, , , , , , , , , , , , , , , , , , , , , , , , , , , 
352, , ,s382, , , , , , , , , , , , , , , , , , , , , , , , , , , , , , , , , , , , , , , , , , 
353, , ,r5, , , ,r5,r5,r5, ,r5,r5,r5,r5, ,r5, ,r5, , , , , , , , , , , , , , , , , , , , , , , , , , , 
354, , ,s323, ,s324, , , , , , , , , , , , , , , , , , , , , , , , ,s325, , , , , , , , , , , , , ,383,322
355, , ,s323, ,s324, , , , , , , , , , , , , , , , , , , , , , , , ,s325, , , , , , , , , , , , , ,384,322
356, , , , , , , , , , , , , , , , , , , , , , , , , , , , , , ,s385, , , , , , , , , , , , , , 
357, , , , , , ,r31, , , , , , , ,r31, , , , , , , , , , , , , , , , , , , , , , , , , , , , , , 
358, , , , , , ,r32, , , , , , , ,r32, , , , , , , , , , , , , , , , , , , , , , , , , , , , , , 
359, , , , , , ,r35, , , , , , , ,r35, , , , , , , , , , ,r35,r35, , , , , , , , , , , , , , , , , , 
360, , , , , , ,r36, , , , , , , ,r36, , , , , , , , , , ,r36,r36, , , , , , , , , , , , , , , , , , 
361, , , , , , ,r39, , , , , , , ,r39, , , , , , , , , , ,r39,r39,r39,r39, , , , , , , , , , , , , , , , 
362, , , , , , ,r16, , , , , , , ,r16, , , , , , , , , , , , , , , , , , , , , , , , , , , , , , 
363, , , , , , ,r17, , , , , , , ,r17, , , , , , , , , , , , , , , , , , , , , , , , , , , , , , 
364, , , , , , ,r18, , , , , , , ,r18, , , , , , , , , , , , , , , , , , , , , , , , , , , , , , 
365, ,s141,r3, , , ,r3,r3,r3, ,r3,r3,r3,r3, ,r3, ,r3, , , , , , , , , , , , , , , ,386,140, , , , , , , , , , 
366, , , , , , ,r12, , , , , , , , , , , , , , , , , , , , , , , , , , , , , , , , , , , , , , 
367, , , , , , ,r29, , , , , , , , , , , , , , , , , , , , , , , , , , , , , , , , , , , , , , 
368, , , , , , ,r34, , , , , , , , , , , , , , , , , , , , ,s387,s388, , , , , , , , , , , , , , , , 
369, , , , , , ,r37, , , , , , , , , , , , , , , , , , , , ,r37,r37, , , , , , , , , , , , , , , , 
370, , , , , , ,r38, , , , , , , , , , , , , , , , , , , , ,r38,r38, , , , , , , , , , , , , , , , 
371, , ,s78, ,s79, , , , , , , , , , , , , , , , , , , , ,s74,s75, , ,s80, , , , , , , , , , , , ,389,76,77
372, , , , , , ,r30, , , , , , , , , , , , , , , , , , , , , , , , , , , , , , , , , , , , , , 
373, , ,s369, ,s370, , , , , , , , , , , , , , , , , , , , , , , , ,s371, , , , , , , , , , , , , ,390,368
374, , ,s369, ,s370, , , , , , , , , , , , , , , , , , , , , , , , ,s371, , , , , , , , , , , , , ,391,368
375, , ,s344, ,s345, , , , , , , , , , , , , , , , , , , , , , , , ,s346, , , , , , , , , , , , , ,392,343
376, , ,s344, ,s345, , , , , , , , , , , , , , , , , , , , , , , , ,s346, , , , , , , , , , , , , ,393,343
377, , , , , , , , , , , , , , , , , , , , , , , , , , , , , , ,s394, , , , , , , , , , , , , , 
378, , , , , , ,s162, , , , , , , ,s395, , , , , , , , , , , , , , , , , , , , , , , , , , , , , , 
379, , ,s309, , , ,r19, , , ,s310,s311,s312,s313, ,s314, ,s315, , , , , , , , , , , , , , , , , , , , , ,396, , , , , 
380, , ,s309, , , ,r19, , , ,s310,s311,s312,s313, ,s314, ,s315, , , , , , , , , , , , , , , , , , , , , ,397, , , , , 
381, , ,r8, , , ,r8, ,r8, ,r8,r8,r8,r8, ,r8, ,r8, , , , , , , , , , , , , , , , , , , , , , , , , , , 
382, , , ,s398, , , , , , , , , , , , , , , , , , , , , , , , , , , , , , , , , , , , , , , , , 
383, , , , , , ,r35, , , , , , , ,r35, , , , , , , , , , , , , , , , , , , , , , , , , , , , , , 
384, , , , , , ,r36, , , , , , , ,r36, , , , , , , , , , , , , , , , , , , , , , , , , , , , , , 
385, , , , , , ,r39, , , , , , , ,r39, , , , , , , , , , , , ,r39,r39, , , , , , , , , , , , , , , , 
386, , , , , , ,s399, , , , , , , , , , , , , , , , , , , , , , , , , , , , , , , , , , , , , , 
387, , ,s369, ,s370, , , , , , , , , , , , , , , , , , , , , , , , ,s371, , , , , , , , , , , , , ,400,368
388, , ,s369, ,s370, , , , , , , , , , , , , , , , , , , , , , , , ,s371, , , , , , , , , , , , , ,401,368
389, , , , , , , , , , , , , , , , , , , , , , , , , , , , , , ,s402, , , , , , , , , , , , , , 
390, , , , , , ,r31, , , , , , , , , , , , , , , , , , , , , , , , , , , , , , , , , , , , , , 
391, , , , , , ,r32, , , , , , , , , , , , , , , , , , , , , , , , , , , , , , , , , , , , , , 
392, , , , , , ,r35, , , , , , , , , , , , , , , , , , ,r35,r35, , , , , , , , , , , , , , , , , , 
393, , , , , , ,r36, , , , , , , , , , , , , , , , , , ,r36,r36, , , , , , , , , , , , , , , , , , 
394, , , , , , ,r39, , , , , , , , , , , , , , , , , , ,r39,r39,r39,r39, , , , , , , , , , , , , , , , 
395, , , , , , ,r16, , , , , , , , , , , , , , , , , , , , , , , , , , , , , , , , , , , , , , 
396, , , , , , ,r17, , , , , , , , , , , , , , , , , , , , , , , , , , , , , , , , , , , , , , 
397, , , , , , ,r18, , , , , , , , , , , , , , , , , , , , , , , , , , , , , , , , , , , , , , 
398, , , , ,s403, , , , , , , , , , , , , , , , , , , , , , , , , , , , , , , , , , , , , , , , 
399, , ,r10, , , ,r10, ,r10, ,r10,r10,r10,r10, ,r10, ,r10, , , , , , , , , , , , , , , , , , , , , , , , , , , 
400, , , , , , ,r35, , , , , , , , , , , , , , , , , , , , , , , , , , , , , , , , , , , , , , 
401, , , , , , ,r36, , , , , , , , , , , , , , , , , , , , , , , , , , , , , , , , , , , , , , 
402, , , , , , ,r39, , , , , , , , , , , , , , , , , , , , ,r39,r39, , , , , , , , , , , , , , , , 
403, , , , , ,s352,s353, , , , , , , , , , , , , , , , , , , , , , , , , , , , ,404, , , , , , , , , 
404, , ,r4, , , ,r4,r4,r4, ,r4,r4,r4,r4, ,r4, ,r4, , , , , , , , , , , , , , , , , , , , , , , , , , , 
405, , , , , , , , , , , , , , , , , , ,s443, , , , , , , , , , , , , , , , , , , , , , , , , , 
406, , , , , ,s363,s364, , , , , , , , , , , , , , , , , , , , , , , , , , , , , , ,444, , , , , , , 
407, , ,r2, , , ,r2,r2,r2, ,r2,r2,r2,r2, ,r2, ,r2, , , , , , , , , , , , , , , , , , , , , , , , , , , 
408, , ,s445, , , , , , , , , , , , , , , , , , , , , , , , , , , , , , , , , , , , , , , , , , 
409, , ,r5, , , ,r5,r5,r5, ,r5,r5,r5,r5, ,r5, ,r5, , , , , , , , , , , , , , , , , , , , , , , , , , , 
410, , , , , , , , , , , , , , , , , , , , , , , , , , , , , , ,r39, , , , , , , , , , , , , , 
411, , ,s447, ,s448, , , , , , , , , , , , , , , , , , , , , , , , ,s449, , , , , , , , , , , , , , ,446
412, , ,s447, ,s448, , , , , , , , , , , , , , , , , , , , , , , , ,s449, , , , , , , , , , , , , , ,450
413, , , , , , , , , , , , , , , , , , , , , , , , , , , , , , ,s451, , , , , , , , , , , , , , 
414, , , , , , ,r31, , , , , , , ,r31, , , , , , , , , , , , , , , , , , , , , , , , , , , , , , 
415, , , , , , ,r32, , , , , , , ,r32, , , , , , , , , , , , , , , , , , , , , , , , , , , , , , 
416, , , , , , ,r35, , , , , , , ,r35, , , , , , , , , , ,r35,r35, , , , , , , , , , , , , , , , , , 
417, , , , , , ,r37, , , , , , , ,r37, , , , , , , , , , ,r37,r37, , , , , , , , , , , , , , , , , , 
418, , , , , , ,r38, , , , , , , ,r38, , , , , , , , , , ,r38,r38, , , , , , , , , , , , , , , , , , 
419, , ,s78, ,s79, , , , , , , , , , , , , , , , , , , , ,s74,s75, , ,s80, , , , , , , , , , , , ,452,76,77
420, , , , , , ,r36, , , , , , , ,r36, , , , , , , , , , ,r36,r36, , , , , , , , , , , , , , , , , , 
421, , , , , , ,r39, , , , , , , ,r39, , , , , , , , , , ,r39,r39,r39,r39, , , , , , , , , , , , , , , , 
422, , , , , , ,r16, , , , , , , ,r16, , , , , , , , , , , , , , , , , , , , , , , , , , , , , , 
423, , , , , , ,r17, , , , , , , ,r17, , , , , , , , , , , , , , , , , , , , , , , , , , , , , , 
424, , , , , , ,r18, , , , , , , ,r18, , , , , , , , , , , , , , , , , , , , , , , , , , , , , , 
425,r39, , , , , ,r39, , , , , , , ,r39, , , , , , , , , , , , , , , , , , , , , , , , , , , , , , 
426, , , , , , , , , , , , , , , , ,r39, , , , , , , , , , , , , , , , , , , , , , , , , , , , 
427, , , , , , , , , , , , , , , , , , ,r39, , , , , , , , , , , , , , , , , , , , , , , , , , 
428, ,s141,r3, , , ,r3,r3,r3, ,r3,r3,r3,r3, ,r3, ,r3, , , , , , , , , , , , , , , ,453,140, , , , , , , , , , 
429, , , , , , ,r12, , , , , , , , , , , , , , , , , , , , , , , , , , , , , , , , , , , , , , 
430, , , , , , ,r29, , , , , , , , , , , , , , , , , , , , , , , , , , , , , , , , , , , , , , 
431, , , , , , ,r34, , , , , , , , , , , , , , , , , , , , ,s454,s455, , , , , , , , , , , , , , , , 
432, , , , , , ,r37, , , , , , , , , , , , , , , , , , , , ,r37,r37, , , , , , , , , , , , , , , , 
433, , , , , , ,r38, , , , , , , , , , , , , , , , , , , , ,r38,r38, , , , , , , , , , , , , , , , 
434, , ,s78, ,s79, , , , , , , , , , , , , , , , , , , , ,s74,s75, , ,s80, , , , , , , , , , , , ,456,76,77
435, , , , , , ,r30, , , , , , , , , , , , , , , , , , , , , , , , , , , , , , , , , , , , , , 
436, , ,s432, ,s433, , , , , , , , , , , , , , , , , , , , , , , , ,s434, , , , , , , , , , , , , ,457,431
437, , ,s432, ,s433, , , , , , , , , , , , , , , , , , , , , , , , ,s434, , , , , , , , , , , , , ,458,431
438, , ,s460, ,s461, , , , , , , , , , , , , , , , , , , , , , , , ,s462, , , , , , , , , , , , , , ,459
439, , ,s460, ,s461, , , , , , , , , , , , , , , , , , , , , , , , ,s462, , , , , , , , , , , , , , ,463
440, , , , , , , , , , , , , , , , , , , , , , , , , , , , , , ,s464, , , , , , , , , , , , , , 
441, , , , , , ,s165, , , , , , , ,s465, , , , , , , , , , , , , , , , , , , , , , , , , , , , , , 
442, , ,s355, , , ,r19, , , ,s356,s357,s358,s359, ,s360, ,s361, , , , , , , , , , , , , , , , , , , , , ,466, , , , , 
443, , ,s355, , , ,r19, , , ,s356,s357,s358,s359, ,s360, ,s361, , , , , , , , , , , , , , , , , , , , , ,467, , , , , 
444, , ,r8, , , ,r8, ,r8, ,r8,r8,r8,r8, ,r8, ,r8, , , , , , , , , , , , , , , , , , , , , , , , , , , 
445, , , ,s468, , , , , , , , , , , , , , , , , , , , , , , , , , , , , , , , , , , , , , , , , 
446, , , , , , ,r35, , , , , , , ,r35, , , , , , , , , , , , , , , , , , , , , , , , , , , , , , 
447, , , , , , ,r37, , , , , , , ,r37, , , , , , , , , , , , , , , , , , , , , , , , , , , , , , 
448, , , , , , ,r38, , , , , , , ,r38, , , , , , , , , , , , , , , , , , , , , , , , , , , , , , 
449, , ,s78, ,s79, , , , , , , , , , , , , , , , , , , , ,s74,s75, , ,s80, , , , , , , , , , , , ,469,76,77
450, , , , , , ,r36, , , , , , , ,r36, , , , , , , , , , , , , , , , , , , , , , , , , , , , , , 
451, , , , , , ,r39, , , , , , , ,r39, , , , , , , , , , , , ,r39,r39, , , , , , , , , , , , , , , , 
452, , , , , , , , , , , , , , , , , , , , , , , , , , , , , , ,s470, , , , , , , , , , , , , , 
453, , , , , , ,s471, , , , , , , , , , , , , , , , , , , , , , , , , , , , , , , , , , , , , , 
454, , ,s473, ,s474, , , , , , , , , , , , , , , , , , , , , , , , ,s475, , , , , , , , , , , , , , ,472
455, , ,s473, ,s474, , , , , , , , , , , , , , , , , , , , , , , , ,s475, , , , , , , , , , , , , , ,476
456, , , , , , , , , , , , , , , , , , , , , , , , , , , , , , ,s477, , , , , , , , , , , , , , 
457, , , , , , ,r31, , , , , , , , , , , , , , , , , , , , , , , , , , , , , , , , , , , , , , 
458, , , , , , ,r32, , , , , , , , , , , , , , , , , , , , , , , , , , , , , , , , , , , , , , 
459, , , , , , ,r35, , , , , , , , , , , , , , , , , , ,r35,r35, , , , , , , , , , , , , , , , , , 
460, , , , , , ,r37, , , , , , , , , , , , , , , , , , ,r37,r37, , , , , , , , , , , , , , , , , , 
461, , , , , , ,r38, , , , , , , , , , , , , , , , , , ,r38,r38, , , , , , , , , , , , , , , , , , 
462, , ,s78, ,s79, , , , , , , , , , , , , , , , , , , , ,s74,s75, , ,s80, , , , , , , , , , , , ,478,76,77
463, , , , , , ,r36, , , , , , , , , , , , , , , , , , ,r36,r36, , , , , , , , , , , , , , , , , , 
464, , , , , , ,r39, , , , , , , , , , , , , , , , , , ,r39,r39,r39,r39, , , , , , , , , , , , , , , , 
465, , , , , , ,r16, , , , , , , , , , , , , , , , , , , , , , , , , , , , , , , , , , , , , , 
466, , , , , , ,r17, , , , , , , , , , , , , , , , , , , , , , , , , , , , , , , , , , , , , , 
467, , , , , , ,r18, , , , , , , , , , , , , , , , , , , , , , , , , , , , , , , , , , , , , , 
468, , , , ,s479, , , , , , , , , , , , , , , , , , , , , , , , , , , , , , , , , , , , , , , , 
469, , , , , , , , , , , , , , , , , , , , , , , , , , , , , , ,s480, , , , , , , , , , , , , , 
470, , , , , , ,r39, , , , , , , ,r39, , , , , , , , , , ,r39,r39, , , , , , , , , , , , , , , , , , 
471, , ,r10, , , ,r10, ,r10, ,r10,r10,r10,r10, ,r10, ,r10, , , , , , , , , , , , , , , , , , , , , , , , , , , 
472, , , , , , ,r35, , , , , , , , , , , , , , , , , , , , , , , , , , , , , , , , , , , , , , 
473, , , , , , ,r37, , , , , , , , , , , , , , , , , , , , , , , , , , , , , , , , , , , , , , 
474, , , , , , ,r38, , , , , , , , , , , , , , , , , , , , , , , , , , , , , , , , , , , , , , 
475, , ,s78, ,s79, , , , , , , , , , , , , , , , , , , , ,s74,s75, , ,s80, , , , , , , , , , , , ,481,76,77
476, , , , , , ,r36, , , , , , , , , , , , , , , , , , , , , , , , , , , , , , , , , , , , , , 
477, , , , , , ,r39, , , , , , , , , , , , , , , , , , , , ,r39,r39, , , , , , , , , , , , , , , , 
478, , , , , , , , , , , , , , , , , , , , , , , , , , , , , , ,s482, , , , , , , , , , , , , , 
479, , , , , ,s408,s409, , , , , , , , , , , , , , , , , , , , , , , , , , , , ,483, , , , , , , , , 
480, , , , , , ,r39, , , , , , , ,r39, , , , , , , , , , , , , , , , , , , , , , , , , , , , , , 
481, , , , , , , , , , , , , , , , , , , , , , , , , , , , , , ,s484, , , , , , , , , , , , , , 
482, , , , , , ,r39, , , , , , , , , , , , , , , , , , ,r39,r39, , , , , , , , , , , , , , , , , , 
483, , ,r4, , , ,r4,r4,r4, ,r4,r4,r4,r4, ,r4, ,r4, , , , , , , , , , , , , , , , , , , , , , , , , , , 
484, , , , , , ,r39, , , , , , , , , , , , , , , , , , , , , , , , , , , , , , , , , , , , , , 
